VendorName,ModelName,MYCT,MMIN,MMAX,CACH,CHMIN,CHMAX,ERP,PRP
adviser,32/60,125,256,6000,256,16,128,199,198
amdahl,470v/7,29,8000,32000,32,8,32,253,269
amdahl,470v/7a,29,8000,32000,32,8,32,253,220
amdahl,470v/7b,29,8000,32000,32,8,32,253,172
amdahl,470v/7c,29,8000,16000,32,8,16,132,132
amdahl,470v/b,26,8000,32000,64,8,32,290,318
amdahl,580-5840,23,16000,32000,64,16,32,381,367
amdahl,580-5850,23,16000,32000,64,16,32,381,489
amdahl,580-5860,23,16000,64000,64,16,32,749,636
amdahl,580-5880,23,32000,64000,128,32,64,1238,1144
apollo,dn320,400,1000,3000,0,1,2,23,38
apollo,dn420,400,512,3500,4,1,6,24,40
basf,Jul-65,60,2000,8000,65,1,8,70,92
basf,Jul-68,50,4000,16000,65,1,8,117,138
bti,5000,350,64,64,0,1,4,15,10
bti,8000,200,512,16000,0,4,32,64,35
burroughs,b1955,167,524,2000,8,4,15,23,19
burroughs,b2900,143,512,5000,0,7,32,29,28
burroughs,b2925,143,1000,2000,0,5,16,22,31
burroughs,b4955,110,5000,5000,142,8,64,124,120
burroughs,b5900,143,1500,6300,0,5,32,35,30
burroughs,b5920,143,3100,6200,0,5,20,39,33
burroughs,b6900,143,2300,6200,0,6,64,40,61
burroughs,b6925,110,3100,6200,0,6,64,45,76
c.r.d,68/10-80,320,128,6000,0,1,12,28,23
c.r.d,universe:2203t,320,512,2000,4,1,3,21,69
c.r.d,universe:68,320,256,6000,0,1,6,28,33
c.r.d,universe:68/05,320,256,3000,4,1,3,22,27
c.r.d,universe:68/137,320,512,5000,4,1,5,28,77
c.r.d,universe:68/37,320,256,5000,4,1,6,27,27
cdc,cyber:170/750,25,1310,2620,131,12,24,102,274
cdc,cyber:170/760,25,1310,2620,131,12,24,102,368
cdc,cyber:170/815,50,2620,10480,30,12,24,74,32
cdc,cyber:170/825,50,2620,10480,30,12,24,74,63
cdc,cyber:170/835,56,5240,20970,30,12,24,138,106
cdc,cyber:170/845,64,5240,20970,30,12,24,136,208
cdc,omega:480-i,50,500,2000,8,1,4,23,20
cdc,omega:480-ii,50,1000,4000,8,1,5,29,29
cdc,omega:480-iii,50,2000,8000,8,1,5,44,71
cambex,1636-1,50,1000,4000,8,3,5,30,26
cambex,1636-10,50,1000,8000,8,3,5,41,36
cambex,1641-1,50,2000,16000,8,3,5,74,40
cambex,1641-11,50,2000,16000,8,3,6,74,52
cambex,1651-1,50,2000,16000,8,3,6,74,60
dec,decsys:10:1091,133,1000,12000,9,3,12,54,72
dec,decsys:20:2060,133,1000,8000,9,3,12,41,72
dec,microvax-1,810,512,512,8,1,1,18,18
dec,vax:11/730,810,1000,5000,0,1,1,28,20
dec,vax:11/750,320,512,8000,4,1,5,36,40
dec,vax:11/780,200,512,8000,8,1,8,38,62
dg,eclipse:c/350,700,384,8000,0,1,1,34,24
dg,eclipse:m/600,700,256,2000,0,1,1,19,24
dg,eclipse:mv/10000,140,1000,16000,16,1,3,72,138
dg,eclipse:mv/4000,200,1000,8000,0,1,2,36,36
dg,eclipse:mv/6000,110,1000,4000,16,1,2,30,26
dg,eclipse:mv/8000,110,1000,12000,16,1,2,56,60
dg,eclipse:mv/8000-ii,220,1000,8000,16,1,2,42,71
formation,f4000/100,800,256,8000,0,1,4,34,12
formation,f4000/200,800,256,8000,0,1,4,34,14
formation,f4000/200ap,800,256,8000,0,1,4,34,20
formation,f4000/300,800,256,8000,0,1,4,34,16
formation,f4000/300ap,800,256,8000,0,1,4,34,22
four-phase,2000/260,125,512,1000,0,8,20,19,36
gould,concept:32/8705,75,2000,8000,64,1,38,75,144
gould,concept:32/8750,75,2000,16000,64,1,38,113,144
gould,concept:32/8780,75,2000,16000,128,1,38,157,259
hp,3000/30,90,256,1000,0,3,10,18,17
hp,3000/40,105,256,2000,0,3,10,20,26
hp,3000/44,105,1000,4000,0,3,24,28,32
hp,3000/48,105,2000,4000,8,3,19,33,32
hp,3000/64,75,2000,8000,8,3,24,47,62
hp,3000/88,75,3000,8000,8,3,48,54,64
hp,3000/iii,175,256,2000,0,3,24,20,22
harris,100,300,768,3000,0,6,24,23,36
harris,300,300,768,3000,6,6,24,25,44
harris,500,300,768,12000,6,6,24,52,50
harris,600,300,768,4500,0,1,24,27,45
harris,700,300,384,12000,6,1,24,50,53
harris,80,300,192,768,6,6,24,18,36
harris,800,180,768,12000,6,1,31,53,84
honeywell,dps:6/35,330,1000,3000,0,2,4,23,16
honeywell,dps:6/92,300,1000,4000,8,3,64,30,38
honeywell,dps:6/96,300,1000,16000,8,2,112,73,38
honeywell,dps:7/35,330,1000,2000,0,1,2,20,16
honeywell,dps:7/45,330,1000,4000,0,3,6,25,22
honeywell,dps:7/55,140,2000,4000,0,3,6,28,29
honeywell,dps:7/65,140,2000,4000,0,4,8,29,40
honeywell,dps:8/44,140,2000,4000,8,1,20,32,35
honeywell,dps:8/49,140,2000,32000,32,1,20,175,134
honeywell,dps:8/50,140,2000,8000,32,1,54,57,66
honeywell,dps:8/52,140,2000,32000,32,1,54,181,141
honeywell,dps:8/62,140,2000,32000,32,1,54,181,189
honeywell,dps:8/20,140,2000,4000,8,1,20,32,22
ibm,3033:s,57,4000,16000,1,6,12,82,132
ibm,3033:u,57,4000,24000,64,12,16,171,237
ibm,3081,26,16000,32000,64,16,24,361,465
ibm,3081:d,26,16000,32000,64,8,24,350,465
ibm,3083:b,26,8000,32000,0,8,24,220,277
ibm,3083:e,26,8000,16000,0,8,16,113,185
ibm,370/125-2,480,96,512,0,1,1,15,6
ibm,370/148,203,1000,2000,0,1,5,21,24
ibm,370/158-3,115,512,6000,16,1,6,35,45
ibm,38/3,1100,512,1500,0,1,1,18,7
ibm,38/4,1100,768,2000,0,1,1,20,13
ibm,38/5,600,768,2000,0,1,1,20,16
ibm,38/7,400,2000,4000,0,1,1,28,32
ibm,38/8,400,4000,8000,0,1,1,45,32
ibm,4321,900,1000,1000,0,1,2,18,11
ibm,4331-1,900,512,1000,0,1,2,17,11
ibm,4331-11,900,1000,4000,4,1,2,26,18
ibm,4331-2,900,1000,4000,8,1,2,28,22
ibm,4341,900,2000,4000,0,3,6,28,37
ibm,4341-1,225,2000,4000,8,3,6,31,40
ibm,4341-10,225,2000,4000,8,3,6,31,34
ibm,4341-11,180,2000,8000,8,1,6,42,50
ibm,4341-12,185,2000,16000,16,1,6,76,76
ibm,4341-2,180,2000,16000,16,1,6,76,66
ibm,4341-9,225,1000,4000,2,3,6,26,24
ibm,4361-4,25,2000,12000,8,1,4,59,49
ibm,4361-5,25,2000,12000,16,3,5,65,66
ibm,4381-1,17,4000,16000,8,6,12,101,100
ibm,4381-2,17,4000,16000,32,6,12,116,133
ibm,8130-a,1500,768,1000,0,0,0,18,12
ibm,8130-b,1500,768,2000,0,0,0,20,18
ibm,8140,800,768,2000,0,0,0,20,20
ipl,4436,50,2000,4000,0,3,6,30,27
ipl,4443,50,2000,8000,8,3,6,44,45
ipl,4445,50,2000,8000,8,1,6,44,56
ipl,4446,50,2000,16000,24,1,6,82,70
ipl,4460,50,2000,16000,24,1,6,82,80
ipl,4480,50,8000,16000,48,1,10,128,136
magnuson,m80/30,100,1000,8000,0,2,6,37,16
magnuson,m80/31,100,1000,8000,24,2,6,46,26
magnuson,m80/32,100,1000,8000,24,3,6,46,32
magnuson,m80/42,50,2000,16000,12,3,16,80,45
magnuson,m80/43,50,2000,16000,24,6,16,88,54
magnuson,m80/44,50,2000,16000,24,6,16,88,65
microdata,seq.ms/3200,150,512,4000,0,8,128,33,30
nas,as/3000,115,2000,8000,16,1,3,46,50
nas,as/3000-n,115,2000,4000,2,1,5,29,40
nas,as/5000,92,2000,8000,32,1,6,53,62
nas,as/5000-e,92,2000,8000,32,1,6,53,60
nas,as/5000-n,92,2000,8000,4,1,6,41,50
nas,as/6130,75,4000,16000,16,1,6,86,66
nas,as/6150,60,4000,16000,32,1,6,95,86
nas,as/6620,60,2000,16000,64,5,8,107,74
nas,as/6630,60,4000,16000,64,5,8,117,93
nas,as/6650,50,4000,16000,64,5,10,119,111
nas,as/7000,72,4000,16000,64,8,16,120,143
nas,as/7000-n,72,2000,8000,16,6,8,48,105
nas,as/8040,40,8000,16000,32,8,16,126,214
nas,as/8050,40,8000,32000,64,8,24,266,277
nas,as/8060,35,8000,32000,64,8,24,270,370
nas,as/9000-dpc,38,16000,32000,128,16,32,426,510
nas,as/9000-n,48,4000,24000,32,8,24,151,214
nas,as/9040,38,8000,32000,64,8,24,267,326
nas,as/9060,30,16000,32000,256,16,24,603,510
ncr,v8535:ii,112,1000,1000,0,1,4,19,8
ncr,v8545:ii,84,1000,2000,0,1,6,21,12
ncr,v8555:ii,56,1000,4000,0,1,6,26,17
ncr,v8565:ii,56,2000,6000,0,1,8,35,21
ncr,v8565:ii-e,56,2000,8000,0,1,8,41,24
ncr,v8575:ii,56,4000,8000,0,1,8,47,34
ncr,v8585:ii,56,4000,12000,0,1,8,62,42
ncr,v8595:ii,56,4000,16000,0,1,8,78,46
ncr,v8635,38,4000,8000,32,16,32,80,51
ncr,v8650,38,4000,8000,32,16,32,80,116
ncr,v8655,38,8000,16000,64,4,8,142,100
ncr,v8665,38,8000,24000,160,4,8,281,140
ncr,v8670,38,4000,16000,128,16,32,190,212
nixdorf,8890/30,200,1000,2000,0,1,2,21,25
nixdorf,8890/50,200,1000,4000,0,1,4,25,30
nixdorf,8890/70,200,2000,8000,64,1,5,67,41
perkin-elmer,3205,250,512,4000,0,1,7,24,25
perkin-elmer,3210,250,512,4000,0,4,7,24,50
perkin-elmer,3230,250,1000,16000,1,1,8,64,50
prime,50-2250,160,512,4000,2,1,5,25,30
prime,50-250-ii,160,512,2000,2,3,8,20,32
prime,50-550-ii,160,1000,4000,8,1,14,29,38
prime,50-750-ii,160,1000,8000,16,1,14,43,60
prime,50-850-ii,160,2000,8000,32,1,13,53,109
siemens,7.521,240,512,1000,8,1,3,19,6
siemens,7.531,240,512,2000,8,1,5,22,11
siemens,7.536,105,2000,4000,8,3,8,31,22
siemens,7.541,105,2000,6000,16,6,16,41,33
siemens,7.551,105,2000,8000,16,4,14,47,58
siemens,7.561,52,4000,16000,32,4,12,99,130
siemens,7.865-2,70,4000,12000,8,6,8,67,75
siemens,7.870-2,59,4000,12000,32,6,12,81,113
siemens,7.872-2,59,8000,16000,64,12,24,149,188
siemens,7.875-2,26,8000,24000,32,8,16,183,173
siemens,7.880-2,26,8000,32000,64,12,16,275,248
siemens,7.881-2,26,8000,32000,128,24,32,382,405
sperry,1100/61-h1,116,2000,8000,32,5,28,56,70
sperry,1100/81,50,2000,32000,24,6,26,182,114
sperry,1100/82,50,2000,32000,48,26,52,227,208
sperry,1100/83,50,2000,32000,112,52,104,341,307
sperry,1100/84,50,4000,32000,112,52,104,360,397
sperry,1100/93,30,8000,64000,96,12,176,919,915
sperry,1100/94,30,8000,64000,128,12,176,978,1150
sperry,80/3,180,262,4000,0,1,3,24,12
sperry,80/4,180,512,4000,0,1,3,24,14
sperry,80/5,180,262,4000,0,1,3,24,18
sperry,80/6,180,512,4000,0,1,3,24,21
sperry,80/8,124,1000,8000,0,1,8,37,42
sperry,90/80-model-3,98,1000,8000,32,2,8,50,46
sratus,32,125,2000,8000,0,2,14,41,52
wang,vs-100,480,512,8000,32,0,0,47,67
wang,vs-90,480,1000,4000,0,0,0,25,45
